{"file_hashes":[{"block_hashes":["6H5xEDKIdyDUe01HW0R1GA/bSMMtlRhUzG5oQcwRS0A="],"block_size":4096,"path":"app.tmp"},{"block_hashes":["vGKIBXetspoQAWXkxtzr5RJLqnys30AFBc/g1EOZq5g=","nCsmc/0mtyYQ6aNrZ3kSAFJ72tlepAa4HPef+J8/D1U=","RuJPiB/ukTljZWJQZrMhoBG+3wg5xF0GsHrNEjx4bXU=","9NeRdkCWFyX7y16B845O/v54MhWpVVoUfhYU6+xi2nI=","OaooPHNoyPimkwhZ0SYnVuKzD4y15e19dQO/Lrtfa0g=","X9X5aQyRmT2/EMH8SvPYoa+DS8VVZX3iE5f0KJCEIOc=","OpLI5bTeifJzB1P68cE9ABvBFKzeXfz6fKsCi3O+VEA=","LUhClrNDzib13MbFhjFcjJ9DrrJIOJZSeXLCZQIPysk=","MrrYeEWqKio3bRs5gYRl4EdZivBSZ06n3ee1sfj4S+o=","A3fUndzZqPXZShbGsSbRKmpHgv2yowEL2QP17GEWBYI=","BJOhQnSxnzNtExNj4ronal2cuyOTDpPePZz7+S2EAXI=","Mr1LRzrvGhxHJjgNFzNmr3mVrsIYyB2BZgAqC0IoTyE="],"block_size":4096,"path":"background.js"},{"block_hashes":["q9kFQO/KxHOIzBrxNHwH9l9MXcil6Pwgg34imFj8HJg="],"block_size":4096,"path":"blocking/block.html"},{"block_hashes":["w2ScKudcHI8mBlPfGnxuTreYEoKAE5NLZJ+mqQE2hnM="],"block_size":4096,"path":"blocking/block.js"},{"block_hashes":["CgxF7ABQKaWW79JmjSIB8YsQbAHXkcLI8OEc/+Alb0Y=","bRp8j4L4RDzWdCqkkgumMmBAekc7c64jWnkCDvfAU9c="],"block_size":4096,"path":"blocking/blocked.png"},{"block_hashes":["Nr5K80bgLJpQTm9QKaBGGRqGjIVUAr9sl+AOb1nZKcY=","AbMb8xs7VEd11riY4TTq1bZ0o5/n+YtS0F4DbysWANc=","UBGMXMyAUi5XgOAtJhVKLSJlVsAJ2djHukgKOFHiwp4=","oNuoqEaNzbecYcEn1xIvUw3QrIgYCRoUnOXouoJ1TUw="],"block_size":4096,"path":"blocking/blocked@2x.png"},{"block_hashes":["g/8vZ4d4SbzewWRvvoyREW9nps1Z5cvpomH6l0WbcjU=","0/YqSuQCECJZVvhu0wIdlNQKQgdREDh/cXWrtIwUdGA="],"block_size":4096,"path":"blocking/exclamation.png"},{"block_hashes":["TKriiJ7vTsuDqKsGpuPUOb6SCvxUi4+0IGkstyGJ3n4=","dFme5W8M9BAtOjhQBOb2TKun57XmASXlLGkNIEUtmfY=","5tyByo2dxIoYsfRsIU2mHyC0EVN8qOREIr3BGjNMKEU="],"block_size":4096,"path":"blocking/exclamation@2x.png"},{"block_hashes":["vPn0AfMtWIgkco9PbsmW7WzrHu5ZkpDnWLvM33lp2So=","vhiyJvg10eq16pZ7F5PIXmbUG0P4pPtVUd+6w6DII/4=","gDf73VeYKI7fp8kvApqe7PWa6wxFarYivkbn+va5JVQ="],"block_size":4096,"path":"blocking/logomask.png"},{"block_hashes":["Dk6GN0f8crplMcJ4vWUYFkU/QWEH3sCqsmh4VOswr6k=","yLx3JM8WPGsDvGTkz6OMC9MMCb1UtA2HQQz+nPYbuqs="],"block_size":4096,"path":"blocking/logomaskgray.png"},{"block_hashes":["xwh0ZQhuHaNIh9qC3UCdN38vglRofElz01wNyaa2Nck=","TNNn2+Ge/vjZ5covgz771UTMFwIdWi9A9hCsX03MhkU=","Z/BSw7HMnGEG83txWcCgl50j+VKJFX17mrT3RydYbYE="],"block_size":4096,"path":"blocking/screenlock.css"},{"block_hashes":["K+ZCpNRg/xtlpfJ/PWaRx/i8s9dg4tDawSpdJhHvdFY="],"block_size":4096,"path":"blocking/screenlock.html"},{"block_hashes":["I3U075fO9yYwLDjBHrIJ3zoaWrZMXdxb7QCB8Rpibr4=","GlTQzcmlqoPckxDcSNcAU9PV47uCEr3TFv4FDRo7mnk="],"block_size":4096,"path":"commandActions.tmp"},{"block_hashes":["C7WV36zU8f3FP6wYUyjAhsjtWtQa6k0GjM35x/Z9bso=","EKYM6nwsHBfoffP6VyGYQHi2bSTSgLiC4fUqipvGgSc=","Rhmozg2+NDJ4dmwwH+/Exj0bqNzSIY9weI+R2I6ndRs=","Aq1PJt9XHLGYbiYYx3j2VtiPhcru6I8Cmij1ZxeeKOc="],"block_size":4096,"path":"commandActionsExtension.tmp"},{"block_hashes":["cH1Q4lWsCBxWyQhQ7MXE+JSfYiEntS7mL72Ks/9VImc=","4EAhSBl0uQmIBeiiLsi8QuokMAqSf+yKhKVafB9OqOA=","f/ZYQjhU0C+0igHR82O6o/N96f9mIzyeCmooSdaYo/w="],"block_size":4096,"path":"commands.tmp"},{"block_hashes":["ndezZ9+ITgd6ko07QwCUdhYF3Iczj5e3VwSpwsICZYU=","Ifta49Nz6a4InFt5UfwJHi540bSFSdCZ8qbGWaGqsf4=","e3+IiKQx3/WiiPIPLhHjcH+LUIMoy5b/6UD/4mmyJjY="],"block_size":4096,"path":"config.tmp"},{"block_hashes":["TePEiCJiLtucifcxlyvcUHGBYSxc+Dd859nrMFjnS4M=","dTKCui7BKZrFvbOvgVnyhNlJFcJNeEauIW86qgCDYt4="],"block_size":4096,"path":"constants.tmp"},{"block_hashes":["Wda3eIk7jbSEkKH+d6I4dF6EWIl+ro6GF0d8PY2mVUU="],"block_size":4096,"path":"constantsExtension.tmp"},{"block_hashes":["CIdA43zpREbzylDv+nUcAfm1qkgycdVpfncL1NlxG4Y=","G6V48m/f/1JwO7NKE/uLh11yO+ZuwgVCVWcX9HEYuh8=","xbxQv3GNz3f0uj5vyZ21mAU0JEea6DBY4/NoMbqNFEQ=","CKNY/+7rFhiKF8imNQFyWJSOVhg0awYIqiaBDtykG8k=","ecHA2jhseWi/Yox1TvTlX0GzsilXfMwCkNSovT/Ms04=","GbhBhizqeIphhiZlTYNzelWi21VGStcaQK+lUWKYTqY=","1StUQXk28ulYbdrsQ50QQ0xSyi6+g9806CLjSqI54yI="],"block_size":4096,"path":"functionsExtension.tmp"},{"block_hashes":["fQB5tNpFZuAg4vasCBIuiNr3RAomrqLKYPb/dsJN+QU="],"block_size":4096,"path":"hand.png"},{"block_hashes":["C9Xgc0jcB2Xh85ZFAZdsx37AoTjvY5Gw+pQ0tQ7wEtI=","8NZfiR3uR027ZFoIBZwCUsrsAUnhBReHQEAQqsCsUwE=","ZtccOyABtqroTRprfF012RMnI0wFAp55t0IhkJ+RzaQ=","wlnHIaTAhDQiFZH2F7KDynvewM2ihld2anJIimoDb2U=","lwT5lJ68347LRKZli5dWQTXtNrNHqd7lzHSC6NzmpPw=","4k1un22gtU0o47sbv6hNPIWFwCtNpsvicJVfQilVGko=","9UQyHjsJesbNB3JmfGCO/Em1FnlaMrtOyQ7B3l0BXAk=","6UcJH24+IZVAu1rYgKl7vRy0M7mrtN6D0E4kxlaFciw=","fC/vV4dmNKKPd6lWwhRWVn4snt8s1DAv/W/en5De7FA=","+P/Puc+BwXNgQT5iU/iDq6PytfIMLpF70qu6ltmWPGk=","nmI+M4d6Z1k31gJmwjUCMePtIpGrN2BfCukuzDofmQE="],"block_size":4096,"path":"icofont.css"},{"block_hashes":["hbmPDgD3LqZI5my7jlKzikoz8+R4aO2vghaX8jaDlUk="],"block_size":4096,"path":"logging.tmp"},{"block_hashes":["cDgjvZ3OFKba/J+eCEPbKi6DKcNb6EHSWsUSaTaUVWU="],"block_size":4096,"path":"logo128.png"},{"block_hashes":["dAz0vlLOne2iFj8pt/bKwWzL9zSkj49oZrj2AmdOy38="],"block_size":4096,"path":"logo16.png"},{"block_hashes":["7VBmqmfTsNmDm3GuYuoH3UBsnZseSWqs9NTEXCb2A0M="],"block_size":4096,"path":"logo16mono.png"},{"block_hashes":["edMRocKWczfpBwdtJ9yy4wO9z6NR0CzIhqJHNTB8go8="],"block_size":4096,"path":"logo16share.png"},{"block_hashes":["wSxXU7SVwRbbnJQKcBOnHeIhzeazw9FeIKnRVKrfi4U="],"block_size":4096,"path":"logo48.png"},{"block_hashes":["cvLzHQ8kQ1Y7hsn8kM7b+CFw0DGKGsW9lWIc0P2UXZY="],"block_size":4096,"path":"manifest.json"},{"block_hashes":["UY7JS3bgGSazo8M4s6lCE0gTDEldsL5TYHMVb4bvKuE="],"block_size":4096,"path":"nativeAgent.tmp"},{"block_hashes":["G5YYSrJS5L42HYR5ki0NsZfB8RoS7l3d7SxoYEr+htk=","urm4aYXRG0W+zCtd+COgWcFR+oHWY7dEM6t6MzDW0q0="],"block_size":4096,"path":"net.tmp"},{"block_hashes":["ArUHOqBM3/2Hq7codxWIodlThxdLnx4COHzUpToVf4A="],"block_size":4096,"path":"networkCallsExtension.tmp"},{"block_hashes":["oY3Sj7QIcAsSjsEgMsuQB1zEa+AdnJffAzFh3MXO12o="],"block_size":4096,"path":"notfound.html"},{"block_hashes":["dngsBlI3H+iiwdk2fhBnxIsLk6l8g5/dk2wxzajAiF4="],"block_size":4096,"path":"notfound.js"},{"block_hashes":["KbJi3xraP7jWtFkXQUeeJspch6cPPfn66L9WWBCtRaE="],"block_size":4096,"path":"popup.css"},{"block_hashes":["EgHKwSlLQaIwHmRBVcNJXA5dg7XgboRjkOADSFjJvYQ="],"block_size":4096,"path":"popup.html"},{"block_hashes":["c7uNN8QZywY1YFnP87YgM9vpr7R1uwVGAR7WzPXEPpY="],"block_size":4096,"path":"popup.js"},{"block_hashes":["CpEHHlHaljopKYPihzydcD97o8as4BLkcruQjuJsFVc=","+xw62DaIlhWTmiOdYzKQzog/kMvv25pdvm9QP3JFO10=","NCJSibLbRiScNirEKWcxMdGpHZsjppteiBxaF2jD0r0="],"block_size":4096,"path":"promisified.tmp"},{"block_hashes":["jb8KXiBPZ2VCOCXS62edRB2eb21B/50N52lBbCG1Psk=","CCgg0ZD8kjR7LqC4jna0k3DAQApHJ+d39EUupiBH1bU=","yI8KfaresysTHXeZkGVib7HbzqQtU/dO6jhvPGzlrnk=","dNf7kJTSb6vXb3v1LX80VBHSCzw6Dd5KQiQUskysVUw=","GadWSgzp7yWG9fhZMi8w01xsM7D3/WPY9v87xsmzF4E=","l7tT8ljZ/29I7r/0R9kYBfcTSdFnlrwmpDgNDbD3V88="],"block_size":4096,"path":"teacherTools.js"},{"block_hashes":["oqGitpfGhXDzfuVzp0F7cDPPRUmB/MN9QBYeZLxZryo="],"block_size":4096,"path":"updateExtension.tmp"},{"block_hashes":["CA2qLveoZaMgGW4jKIMtP6v4dD69CVtNTht7xlbxZHo="],"block_size":4096,"path":"urlStorage.tmp"}],"version":2}