{"file_hashes":[{"block_hashes":["U/zdQk99BtYX74shFF3IznPOkZTQ4qAxZDGvvh5N6is="],"block_size":4096,"path":"blocked.html"},{"block_hashes":["XRSdW4voe5RbawyXVaB+Ji0S7DsfYjliM/ysRorScBA="],"block_size":4096,"path":"blocked.min.js"},{"block_hashes":["yAvrtpiKkJ+AAlFGfytISPdhI5maFdqcMyobcYs7VJI=","m5cUs7l72iZe+8EWAs7E6HWItfcOzC2S93mehvQ+ghY=","+HQdIv19zbCHssFGga9FHyeOivprV4/OCE7syOy4Vbo=","uZTRAMVL3tZpJqhdiHFKsFv3azHdvgF7ROZW2YFvIxk=","zZXlTht3fkrnDDcOOtXYVNxjfPnqQW+f1qVi4pWSHWM=","jKsL1yXCAh1ERbyBsv9M8+0IsEHUI25EjTrF90nWMDo=","iGNCiz4JdT3mKB8DpUWHCnxbGhshv+jtryoAbBTAch0=","pxHor6d042JQG9HDVNaVmKZVdBy/WaGE5bXNZQ19Qk4=","7G8enbb6yQ6jOZpWgC38rbTjaWiyhboCPvy5K6C9xdQ=","gUsdcO9qPT/u1pChTX7qN/Lw9YAaYLBBdLxyeu1X3Gw=","4k30ABCC4DjaRzA4phv3ARhCQPXQfx0UX+TEp0V6mME=","fD+wZNilc+J1XlC+9SZqTwfwAwqHPpujgSvK5INPz/U=","fJ9V6mB0qCfLDamSnbeEyg4bllxYLbNXQI68pjBnvLg=","h7F/iCb7zXTeTU64Sti5qXnz2mnEVzy1hYbZ08oo6ko=","YgANqhoT5q4IeTmMzasz+Mgkgd9QOsd628dzBXedFzs=","snmwhW1jz4BlFD0S6vTXqEwYjLjPhx7h2giKxMZwLY4=","OFS0UGbIt1dDCv6G3gl0PeSdLi0TRZnYQBLcmLEObkQ=","Y9qlPQXZhe/QRje29a8MYIrhgfGq4xvLm3U6ZGBPTAk=","BYxxahPjkfIiAB4y4pUiLPldW0tAjTMK2I7gX0maMbg=","FPWoh/wMq9d74YBhs/hNBv5JgmzUkstrEgAmSI3k6bY=","iDp+m54wjnkMKbvMW/XKQ+4aL0pGvDDkdkkJib5vL/k=","SIhAhJF21S5pXh1Tz3KF0k+L5JVl4GaLvqN2ZNlDK6M=","TKJuBiqPRH7l7ZKAeIG5qUnGZ7TgsDZ/LsalREDZUn0=","T3A+eOcqhOAAkBs7f7R7QF2aCtkmXpMhEgmeEYCqp00=","EAjkJZlc+GpXVQlK35PEDUXfCwBSlsq+Mw97cSgAn9k=","AthagLM7WHZcejoFjNJVcAbe9iIJ+ecoTfEW9nD/UcM=","x6wP03edyYj9G6QjeA1a0UnERWwxhYRi0g2sVl4VKi0=","e5zdX+dk9er1BCqhc1VjEIGKBtaFK1Xxm3qDOn3P7rA=","pwGypjqE3Fkvk/KuRq8Ix53Ru46/K5Jj4mRUw0AKP4I=","5Yyg54fftE1jO0Rhu+PlJDVlPVcU+/MOHUDac/v4354=","gdMEEKwe/WRTm1nCQQTO0D74rY+k+Cz62zvYoxin0m4="],"block_size":4096,"path":"Blockedbg_full.jpg"},{"block_hashes":["ZclI7A2iq/htrx23QJD4l1HrQ9vb7CohBh1B0k+F/vY="],"block_size":4096,"path":"conf.min.js"},{"block_hashes":["LpkwHjT+o4LhGy3ubs3VOIF67LJA4jTp6g0fmeHV2cY="],"block_size":4096,"path":"content.min.js"},{"block_hashes":["nUTXVzAjMswlcQ5uIYOG/zl2UtqYUEGgMDyk2DR2A2A="],"block_size":4096,"path":"content10.min.js"},{"block_hashes":["bL1lM62HmyofVCbOFXg67332hOQDVb76YTifgjNYD6o="],"block_size":4096,"path":"content2.min.js"},{"block_hashes":["1Rm5P0XGUvlAJ+r709AoX+2BJce3zIGW50XGEPwo0T8="],"block_size":4096,"path":"content3.min.js"},{"block_hashes":["Y9yllyzzWbagksqxKrTkURarcGCQXphSywFktFp78yU=","Y3aCN8DGxKF9fzjxRa0lTePap5DDfYJrfo6dT2v0E1Q="],"block_size":4096,"path":"content4.min.js"},{"block_hashes":["AjJABhzzZMRCJkE1Idc687C76VhrQ2g6z4OOdtcMAJY=","tw2DoBrZfFvUtfKcapWwd0gZzSYGmvh+wriFQQPAokE=","SGr6ToT2Gs21ao5O30td2+KY1OWYuicLBqbvs0H6WUE=","l2NXk4hADJk43lc0fmw4UlJqXzVwV0lLw9iOg3PECnc=","t7sIfiBi2sRz7OsMyY/e/Xt73KmI4Vv9Ee8poSpjd3A=","5uJhdEXSWBnTJiTH/57RwwOCVmztBP/r3qeEl4nZZrM=","iB8JPRc9odSek//LC+UDh9UaaXOve6TL31VYxysnUaM=","MGgNeouVyPin4tfXgTePNvipLZc3fbgDw3u4OH/M9SY=","Zm5Zf4Q2pc5STGUUac8Qln1Yr9VYoKn80u40DwyXKac=","2y5kQzHZpesiR/4ov3cROQkc7ngOwJZiatmpgIhKDHM=","sFAiYkA1uW7evEwG35N1cEnFBuzmMPR3MAKUx/6cBxI=","xlk2L6J21xau1oQX3G8WfoIJY84rmX9AxYT3cBPCM0A=","7U0Cx+inTvO0C7mqYuW1t8E3JoK1CjiFeU84/mNVpyo=","e1cy+5evSazJ2ut8Q1t1itFgqXWyRdnxZfGGjy7SM24=","6vGf0RsbZwy/R7s3WUP/p4ClhnlJvmrsVwSqnLbn9kQ=","NOkIr1M9jSn6X61srlRKzDwJ/SBvBbJdx8+nmzMWNYE=","WpkIGe6/RpU0Y3BpHS6I5229UWpIm4pmz91FigwCXeI=","X+7pxAPvC0Lx/kA9obm1/FVEjLiR9BoUsCSyzGLtYwM=","OnGv0eNXDDuNf8frySZlOiHALtPYXNmgoE0zTS0U6f0=","47L073qbXgpDrMMoIma4fcW9kYgu8wR2xtzhGxs5XxI=","cGe6KfVL3v+MtzCNWdvzUhfObi4vLIi3CQdOsiacqAw=","ALVo3YgGT4I0jBuHDvyYJRHN6Oi4jxIvO077Jmm/s0k=","xEruz/qPaQPzbJLrdt8j0q/ZA3mwaN7tXMlMvvo6hso=","HFeEEf5bHJITgUMiVtU3YsA5fF7lwRrl2Iqd3lxSoUk=","/8dWSYPZsDkzq8vZJu7+VnY/ThhvMIhF/Eb5pCnVsuQ=","M/IOkicsxWe09nKYeJWKQ/m4rOgZ8gGnJhYBfVkkfJ8=","3BNk/fXKqeEMwvAUxfAJeKG/qM2KMudTjLqhKy4bVm8="],"block_size":4096,"path":"content5.min.js"},{"block_hashes":["89skFRLa3KAjqL3LFXMxv5Gu6OBOAZ36KNOOu/Gjrus="],"block_size":4096,"path":"content6.min.js"},{"block_hashes":["vxZD2ml80ACmzjH2HU3z05BDkftCddhb4+qjOXNLEfo=","Zpb0UjPeOvrPmmkW2KP/Dud506QrdMCwOtc8QH6a0tU=","i/lalj2kjC0u40+tNI5Q6W582Zbk/G8SH50lJjWFHII=","OxBcN936CVhhi1/u7oRRJoTW1mztnVrxr27nnv5fpGA=","t1bAB/tu4RSlHmb18j7flHb+2oA8E2L8aQ3fZN2Dk9g=","G8S8Rh1AF5AvIvRA9E+6nq5ENwHWAS9xE/hzJypNgc0=","vu/d00hPmuOc74yv4esxVneXvbSiuSXkEo36MI3kH2k=","5+7wYqkDvQZE2koXzgK5qESiW4d9CXi2LJRvmD7YLzE=","VSO3Cmt0bgiJ5OZ+c1mPaozpFf+JIarTjXJzL8qO2bY=","5wjGcTgn+nHZOVb8X7QRM4+SFoR5aCnEBq77Oe53U6M=","CKg9xadBHA9caupbGrZfJD+J/31pu0nF0ta711GQSqY=","LZ7v/M9/JnFwD/8st3SvxJ2GWEKosyUitvA1ZTlcSxc=","wZKfzRqPymAS1zjKW/CnjddcYRaedUrbcsIqh9AsFJ8=","JpDi8x1KioiFYgPb+VSux2gAw3NDPY35ETI/YIWZCbs=","Lys+kVlEjAufwLKo5nH9+YsSk+Mxk0IFRx8MDrvG8RI=","Y9wGYNdwj3ZSUCRYvNXeVktfs/rOZsgKsyqvK1Rmvaw=","QNo2KZXWyCi6TDble3M3A+0DwOQ0D53bIwBkTNkY124=","iZu8T45InanEwCnzZUV2xLWx8mQAVC/N1M3Ln/yhirE=","aN6d06BLvtkV90IWS4b80tzWACMpI/bAaTYO6O3oH84=","c5zKxPeQ2pDPW7PkYhmZ73SFWpTLoUzb7WqbAU5YXGM=","tm0ywSJ5QJKpa0NSLlBdjtqj9+y2XMO11j6q8/5Y0+c=","vZrlS8T3VBN1tpmKjJtje4/2WkRAycz4ZXM++9G+2do=","UgV8vR5Kkq54jdc1DtJdIGL7BgkIoEbrSHxCG/sw7Zs="],"block_size":4096,"path":"content7.min.js"},{"block_hashes":["SJFLWNpMJM1SZK4UXF2+8ZudFdr182yLNBi5pITk65U="],"block_size":4096,"path":"content8.min.js"},{"block_hashes":["5Bz91NhFyssCU3Gdi2FD8jWh6D0DwY9Sk02/9s7e3sY="],"block_size":4096,"path":"content9.min.js"},{"block_hashes":["DccQc5Lwcobipgx80WAfD3GuxXZcARSO1V1ac4UHSCg=","fY4y7gHqsdmYvIQw7Z8TGMSCtLhH3UgJZgNEwdVAgJM=","rRCidnA5QhBeKQ3CqA0mAe1L/Rpvls4SrNGIp8Y9+3U=","WHAkybrQNeDI6MgjTZNRvpR6ZeByk+Wy+KMBfG+mJuI=","YNIlN+vxx0Bvkusl0bIiwy9nsaEdjoscLYciYFpL6jo="],"block_size":4096,"path":"fonts/Metropolis-Medium.woff"},{"block_hashes":["uo/3neq51JL+n6o6dVSWwxYHlOLJbn6xdi150nExWFQ=","v7JDikRuvkhRTJHvxc/8KEIAizyO3MfXzKYEf1EEdkQ=","DPikPS4Vrvn4GMolTivxFZ/BM3qd9BsuCAnceLLZDxo=","WkBINYLCfS407Jf42WZDoeK59lyouNMXejJdQT1qUM8=","rFJPDDHmIZpbLS4PaI3nAQwVvYcqAwH36WrJe7s0RR4="],"block_size":4096,"path":"fonts/Metropolis-Regular.woff"},{"block_hashes":["QImTa1AWXT/dR3P1wkSwf2SUI7X0etS4IZWrVknwbQI=","q0crhHmftbkVnVkMkMxtkfMVcZOGKqhAfkFv5mJtf2Q=","Nsf/ThOj6s1clnfUCpJ1ExdmOpNcdOWxVAZDUUbDsKA=","XQ59MehW/ZFDAvenkiwqiUR3KReLxUOq9mdNFVNtodk=","8gXqbZ4htdB880rcoYbb+PtEwcOMS56i+2gFtRZBf0A="],"block_size":4096,"path":"fonts/Metropolis-SemiBold.woff"},{"block_hashes":["VPfouaKZnLkanm5VcDsxMW8TmeytmyM7i1mrRGCmTYY="],"block_size":4096,"path":"fonts/Metropolis.css"},{"block_hashes":["CI/wxqphYpQPiM6eBfYkTy3zqLpd53flqpL99SwotX4="],"block_size":4096,"path":"icon-16-px-close.svg"},{"block_hashes":["5gbBSUIqcVA58Z9cHi/FKhzCxH7xfqBSh671YI3TidE=","klCeLEIrvsl0pNrz1puh3UA+s5Y9XS7kwHdI3MiZYVk="],"block_size":4096,"path":"logo.svg"},{"block_hashes":["059Vl2Kmv64P4/iQcFdiUiZlG9LX26ISLPKRfNb2IU0=","faYhbgklE4rP0WqTl88sdwFHTVbo2Lv0MaA4kDaXlWY=","PbFWn1mn3k9s6p7mNGeOXUUzhoThDJrxyQdsPS3V9dA=","R2fFQ41gd6sjU+QXbjGoUegRavBY0bH6yjgiz3gSaVs=","SNg46su5nZx21XxPi6WcUZ6QHinX8otc5P+VvUhmXzU=","HzBJlL5ztFwnN8p4f/GtqF72zc/gYWRMSiCLKZF0BZg=","sQNmtA8czC0xs1h3IFaGL2fVMGomxyzq9JC5j/C/APQ=","SprHaaBYqSgNkWeiGoPu1iBSm5hW9Ux1xenDddk1dUA=","kCo/jV1prWs6+cakz/mdQk5upD3tbVfZUteLo5zBBpM=","TWL6O+KYRKK/lneps23UFpbQIkTm1STXClShOeeglfk=","tGk/Ux0vrA1rbUXd/XlTFn+4gzP6GR3bDeqq99uMTsk=","xJyPs3pBIhpC55GTMxXmjSZ9SSmGRgBwEWnul7/8dBA=","YeUsdJPFHCM6AEPvv4Buq0+T9tfQhXeOeZiORopqYSI=","G76xYPR49a9a3yM1EibaE/EDOqwY2VqI38aFZacRoHA=","YM1KB5YUIj3c/3SaAKXhVbQH41Z2N6JG2+3M0yF+evY=","EiID8hIbW0hvAobZ84bghZLoxo5uBHrTQqjR/yesDuo=","HLpwFBpvtgfloGuLOuGACapAM9ATRVab534WkjuzTEg=","4dCLJg1gYVexSuwYN89fXe6yeOy73VnZ74Ob3bIPCHA=","hxLAInoEgBUSTA3fMr0aA8Vbwhl1YBRN3wHCVw0I0eA=","IhH9MlN651E5hcMzF4AgK7yl2QZXDxZsfWwGLX7LKaY=","aIf28+JRkVHThQWiyzKMC/jE/Vb8+oisjJ1RG77xQUQ=","bxXxXMy4VjWr8PrtLJpMXsviv1e6a8I38rR159SAls0=","Va7K+nxfWLDMxG0ciZcJDxdrxxJztRCeXPCSsfVihAc=","p/9zuskvPIIdA7GZv7Lsun5LKJTixwYUz5irMcF1FI0=","pnL6kq0QTK8Xxf192EPoiuMe+dPoQ8filWyDPN3SU/g=","0oWTqEgpoPP2cWqfU5OZzlG9NAy+ZRipTw9p8/mTWfs=","s4kKnKVRc5FSM6ppvytOyhINFpJiHtq0+TnZ1Zkb8t8=","XntWjWIbwqz0sg+Qt+aX9+YGtQLju7ZFshTHK8ovBQE=","XC62uNnKE2nkRu2t714Q1NxmIdf+sZmcqrGUBaYKWT4=","4URP8cygNrCKvhOn/EbBPasKpglSmoFrg/bPxqyq0MY=","i5y89E2Nrlg0o/gvcc96Nw4sQEwQPo6yNrix+tm5OFA="],"block_size":4096,"path":"securly.min.js"},{"block_hashes":["HQ9/xa8IYdFaB+i9dBk+EmbPECvjMJUoE3ue1jRCXmc="],"block_size":4096,"path":"tt-alert.svg"}],"version":2}